majestic	m0	Commander Wolffe	ca2d44dcb4e6aa8ff3e9c2a5ff4758451d26096eb606b6d32faf28123da5774
majestic	m1	Wolf Pack Clone Trooper	a8f8768ad2b3d5c232d60b73e5d7689a45fb50cbd535e5abb456bd85fdd5d16d
majestic	m2	Eye	f5fbd723c2437067273944ca81f67a8311813198fb5345981bae02e87f0054f9
majestic	m3	Warrior	12e8a4f612557f635714481259d8063c13ee6c6ea37eea8b1cbe9d717d05d4ab
majestic	m4	Parrot (grayed)	1d5b94868c35e69c5f1d0e5088e114a76e751324a9c64af72ba1215c927f73f4
majestic	m5	Ghost (gray)	2d345a4e1bb87d885c0b84e13a3b9d517b946f6542844e9d0ce6acb7aef2ad56
majestic	m6	Bucket of Dye (pure white)	7f4fc8b4d1665954818f5300d1aed98c474dd45dcdad51e40f2e43d4f0fdeec4
majestic	m7	Captain Phasma	e31f8222b31e85ab63c33e189781842d17d6c1838360af78c29cee1f04bc1
majestic	m8	Titan	90e658a301c32d31ff445d454b7f9125b56b14012fdbac75ce065afc5c8c449
majestic	m9	Wheatley with Cracked Eye	ae201d4a9a2bb0a3e4fad5a5832941acdeeecf051719faab7022215cbf9994
majestic	m10	Cozmo	e1f03688693a114e45b8b9d2178faaf7d7dcdaaa2d0c67b644c39c111a39747d
majestic	m11	Pure White Dye	85614f41cb23f78d7dc5b6c46d890afb0f787f0ef1b0ca8d29f8f0cab41343b2
majestic	m12	Wolf O'Donnell	75faac3472159d478978c8253d651f71ff785641210830724f374078ff75c596
majestic	m13	Plaid Orb (white)	4e5890f09df8bdf069fdedb472e7bc37c37ab80b89a5387f4b2ef4d1f24418d1
majestic	m14	Phantom (grayed)	896828677ab2bd1d3af2e223363019ab6577967e1507b2a1e3c4bede7546ca32
majestic	m15	Demon	c54b79af117a74814ca8abf95878ca94c548730b487a978790a120ba1761fa1a
majestic	m16	Cobblestone 0	529ff1ce4b304942e15195611d3a8af16c413c6b8ee8aecb8d8cc79a644eb
majestic	m17	Cobblestone Backward II	106536cb6de0d08c2d7012854efa28162251ee6e9f81fe6ccc29983c845d6b5
majestic	m18	Cobblestone Forward II	d9d334bf33f2e5677fb174d472bb761d878d1a6579ec1e7b27d9dd545c973c
majestic	m19	Cobblestone M	e365da9049fb9d26a7b0eca090578b4b5775f16477b39b49198271d5baea9f84
majestic	m20	Cobblestone N	78c471a7433a1108973832915d8e738e6552208e538a334f79517ada83df7
majestic	m21	Cobblestone W	44aeee9e63ff4aea6768c35c9e1967b79428d3f64478282dc54697b3319df
majestic	m22	Cobblestone Ñ	550e28ed8c9ab81e42280040673a814c601915c99759f5e1adffe8bac6ea3999
majestic	m23	Repeat Song	aba40e063fae1ba19599a72426aa0d5ec347c70b8ebe4390dcf7da7fbc5ca5ec
majestic	m24	Trash Can	1d9bfe5f2bc5a64024f7591b24f95112508d7d66adc998bfd3ce5afdf149ae4f
majestic	m25	Stormtrooper	21b86098415e8b14d2713306cfe9e528c651c9dc30523868aa1ee01611a5c813
majestic	m26	Shulker Stool (light gray)	38972725381217f8dcb6164e610625a56e394a23485ae9bc5c0e784ce164be17
majestic	m27	Girl in Dinosaur Costume	133292a5debe26d35871343c6aa9d195733906ca55a2d978ff7f6926fada415
majestic	m28	Cobblestone B	372c21bf23c27fc94d7888f0a557a3a265f0d954a991acff9908ffd568f3a64
majestic	m29	Ghost	c768b052421aaf7da2243575a37d16c85973f570fab32d0ef2d36936d6268b29
majestic	m30	Horse	64aabd68640a833bd30e47e8bb9a3f2fcb14d7e2f28c38af0bf56ceddb8fa59
majestic	m31	Playstation 5 (left gray stand)	3bc04ff155facb05354434388903ed0e8857f284956263bfaf7222ae53f97999
majestic	m32	Playstation 5 (right gray stand)	24ffa21b4c3666a2b4f67c860289c3b3faf7a81bfb4854daac7e99f71ce7199b
majestic	m33	Dragon (gray)	8e1b7c43cc1ff65aa30e379db8ca449f806b274a8cbd595352679a3aa86c65a3
majestic	m34	Dragon	1e368f4828b3d4c87d1de629921c5c2cd1084dea353dd5725611f1d9f7fbe7b
majestic	m35	Dog	3bf4b6926fe04b587d5958c49e855958a05921ae0a8d4fb8e2415101d371063c
majestic	m36	Officer Bust	52623d7b5077ee8320df6b62944d01e75f2979697e32caefe8dcba01fe7551c5
majestic	m37	Next Song	5a4c4ad32980ebd1dd975b9c2ba57ade092f5ae6e29534ebbfd1c9de19e69ebb
majestic	m38	Cobblestone A	ced0edb0a641d229c817b33fa661712bb26ca526a23fd32bdabfcc9909ee4b1
majestic	m39	Cobblestone D	3173cbace887a31279f47b2c4b52367f4b2e6dc9872aa6733b3b24272f56c
majestic	m40	Cobblestone H	3dcb76945ea4321fbd5863e5d75a55619dfd6d6945ab798470b1899054e0e18f
majestic	m41	Cobblestone Heart	e547d18ef6a2c2eba281a94eebb8e979c47938d9d5477b973a52a1de8734e2
majestic	m42	Cobblestone R	856d692c61a025e9453aa16b13e49e42f4cbe14d1607d1a9b4f5537748be72
majestic	m43	Cobblestone Б	1a341ffbc65e28d22abd16a8b6786f47c14fd5cd18f465e267236067cc0
majestic	m44	Cobblestone Й	736a224acc7f112a9b206682a35fe09b789078cb2461323841ed232d4bb4fac
majestic	m45	Cobblestone П	7fe54b77c879b5b6033ba7c55a9c08eab75e1ab571179cff61b3c245dd563b
majestic	m46	Cobblestone Ц	39ec2d2576743266523c6a9491e659f718a76ad2319cafb02b3c904f4424a
majestic	m47	Cobblestone Ш	a21dc72975d45befa398673a07b90b97f31d06dfdeac09e643cc53f775e9af2
majestic	m48	Cobblestone Я	397e206238477b195874871f17b3df5b1613562ef4aaeecea312794a4e72ef9
majestic	m49	Skull in Minecart	d199a1761cd0e1874f9ecac3e265449a525efb545c621f25688db2d9f167969b
majestic	m50	Woman	f7281178483351c631fe47b0f95a938bf50100d77ef78554d891e7f67d837db6
majestic	m51	Demon	c4684a58776ea0f9a10489d4ca843354d10f843d595df29456c4f465964b3058
majestic	m52	Woman	1e65a29eb6e3f8b30e61748c45327e66a5101d1b39ebfee31a10506d1f5227fc
majestic	m53	GLaDOS	5a6f1a516fc3c683ac7209fadb998af3894c13ce0c799265256e45fe34af74e5
majestic	m54	Locked Chest (white)	407940711108966031f5e86128528d362736cac1514593531008a3c6026192b2
majestic	m55	Cage	1427260023187be9b3b1a7ba125d61d5bb21d686257233fb9807a6c213a491e1
majestic	m56	Cage	9badf005757ef4a4c64adba52c07d9f5a88ccf114b9dd099bda75f5d2da5b217
majestic	m57	Jar	fcbbb6a2422d204002754210e26e30b280fb53be282efbdce58292f3f076c074
majestic	m58	Ghost	abedb8d4b06eeb979ee515f778f31b3deef92fb5817f3452f51fc58d48134
majestic	m59	Shulker Stool (light gray)	48e91cac6aa7b962e43e419b47572d8efff3b0b3010ba5bfb97b64e34b59befa
jungle	j0	Swampy Zombie	bac73d3e82b61761f9415e3c69c44131821c8963479646baaaafd6a06823d62
jungle	j1	Small Foraging Sack	4f960c639d4004d1882575aeba69f456fb3c744077935714947e19c1306d2733
jungle	j2	Medium Foraging Sack	2c14105c7b629cfdeb866a560bab59734aa5cbbe880ed9f50f9044c42afd599d
jungle	j3	Creeper	201495bed76b28c855c33717afd7c72921cfbd4841f352f1d5b28d94f1488ed6
jungle	j4	Hulk	56786ff975920a7655df02068967ab137dfa5950a7e836a24d1cbb11eaaa6e
jungle	j5	Sack of Gold	6cc06ace3df0ec3483a882873c9532113e1542fe7a3e2ac2c24905d24b0fa6af
jungle	j6	Zombie	c4d3fa1f3b049149f1c00b2781a98cd8bf1582d755a982ec9f4b1235ccf2cfac
jungle	j7	Sea Urchin	a42e780d02249559b5a531ab21ea049f13abc969e7fddc8ff30dc4557b639e4d
jungle	j8	Zombie King	c062b694f5a97800eb145660e674cb1aee78970e4d2eaa2e445569aa40dbfd15
jungle	j9	Ball of Wool (lime)	852849b645fce86acbd231991ba90d20da42e3a9a8b58e76dd4e386dbe8b
jungle	j10	Plushtrap	277a3739fdf247743ba22e9c081f1aca549e45f9c364ad2fb0c54465d066ee7b
jungle	j11	Hulk	e195bab9baf6d922246d6c367a8190482aca06429e6517dc02c37d34d774c948
jungle	j12	Jade Steve	29d15430332845f42cdd55ca046c09df20e528aa8207a4dda2809d882762ea69
jungle	j13	Bush	ea8b67479f122bd605ee0c0985aecd7bb8109095a8dff8e5f7ec9648e118
jungle	j14	Skeleton with Leather Helmet (green)	f7e7dcaf948b764df957f90afddd8b1203076d9252f8c23af7b0f8c932bd
jungle	j15	Backpack (green)	28a127f1cfd79986e7bd95d92de4f4f68040e4f899f81b1f8f3ca15b64f50f3
jungle	j16	Hulk	91d4e4b75e404d9132d31a1b10715b49cf3ba01c06dd3aa666b4d2e9f6018094
jungle	j17	Green Belt	f7203d2f08a7d2b7c95532865eb2b593e526ddb92fd5cca9e7d7b622bc539906
jungle	j18	Dragon	7ac54c53a988b4d52cc504b6a3a65889f5a66f926c5635cbbb7f37a8aeb44
jungle	j19	Leaves	ac25eb33da018acee5dd2f4c0157322a0f6e0fdaf1323d8bf1aa4827b13968a3
jungle	j20	Leaves	261edbb1ee9983f6b55cc3b962163c41d177e443fa4ceeede2567691d166b2d5
jungle	j21	Oak Leaves	5415a8e3eaccd03c3502b6f93c29350d486c2a890095ab183f8411dde607353
jungle	j22	Potted Plant	ea1fbef3d0c51ad6c713aa20c42db183434cec4fb63a5a3eaa101ad3c5f75d15
jungle	j23	Large Foraging Sack	2c6e24df498ba4a589c259d9fc0d3db348f93cdf26a5fe461571c1da706efaf3
jungle	j24	Bush	351a56107bff6dcf5167ac314a943247f2f06e08f8f11d384d9126353dc05847
jungle	j25	Bush with Red Flowers	e019ece125ec79f95178e1af4da2a8b982de71ed42c31cac4b1d2f665355df5a
jungle	j26	Glowing One	8523832bf60223662b0f779a698630c1a9f184f7900c992729a133f4f02dbf64
jungle	j27	Joy Doctor	40d803a8ec79a9a29e9821f6071946c8f72d8e2317b3cfbac5529766fd4d4f1
jungle	j28	Magnificus (inscryption)	7fba7a5979e22b4f9bb38fcab1c58eabae26b623b70c93a52431f84dc12716d4
jungle	j29	Goku	6cc1f037de609668ff3c11c6101cb3adac7e5ce84534f54ba1c03fb87f6f79c
jungle	j30	Maple of The Leaf Wings	417ada803351c71c114a4b77dcf99b443155df73351863e4d0125f0efa4d2ce6
jungle	j31	Alien (green)	b34079c75ef6f546d645bbbbb63e7a82cc44c31682669fd4f997212b874648f6
jungle	j32	Nuclear Waste	5ea7bf58e7bcb904422db434b252cbfafe3925aa3df91a5ae86a38ff887572aa
jungle	j33	Emerald Loot Chest (right part)	e0ed94bf5fccdd9d3b7ca7fa38e2ceb501332e6b3353404276566b5216c1304f
jungle	j34	Lake Zombie	9d889055b9a9240f52fd7691a5c9329cb7c25850acd044606558838203415f41
jungle	j35	Bush	6894dabe58b5e44c0851d2631ff6d79b5b876a4a12bb1cc26d2877399fe6122
jungle	j36	Medusa	96d6d95cb8812d4df89046a52d6e6cb89dc537b65cf750eceb6aec84e4e4c135
jungle	j37	Phantom Bonnie	385baaab33edf6f26d8a9a0d0683ff2a0a2fc2deecbb808e78b7d816cdb5b446
jungle	j38	Campfire (toxic)	8b637a03fa11673fcad2e5cf9159d92c086e374cd3c2738e9f829d020aec75b4
jungle	j39	Exit Left (green)	bdfc439ae37e4b87ada2d2dfbba3386cec1e22255ee4554d2961e19508898d9
jungle	j40	Exit Right (green)	906fbc7561eadccf7bc6d5a96c463514d79fe6489fe1992de4160ba27208f55
jungle	j41	Duck Plushie	ec875929f77aae0d2288546a2cadd8aaed53702829ed260c305d5088f0d8f333
jungle	j42	Lizard	f6b6a3a340bb3dac8fd1db6c09205f2186f2c517cdcc3297e22bcd31ae3ae10f
jungle	j43	Jungle Sapling	787c3354543b6524e3053944f6f93f51c2743d98986693b76692ab0ef661e9bf
jungle	j44	Mistletoe	1b46271ff41aec3fd84e64e45ed69a8c535b14ad4c133afb1a5b36e43671b9
jungle	j45	Sewer Fruit	42012a40dd3c3ca212dada78448880fcb2d9e100ef9fc0b9a7d1a8214d076703
jungle	j46	Toolsmith Zombie Villager	7d7f22a1c392efce3b85c9a8bb1166b3abfa67b95eace04ec5f166d5439b59cc
jungle	j47	Avocado	29685a39da1d39175f7aa6d38b03138dcb1c9070a0c59d3a13131b1a6422c266
jungle	j48	Bell Pepper	ea3abd33d1e233f35b503bfe3f6b408b9a18abb3e2650bbaa6ca38f49b7ad221
jungle	j49	Christmas Tree	622d1e35b58b937e809b70f07c4e33dab208d707f5b3c3a5d064893de13322aa
jungle	j50	Exit (green)	575feb761e2f22945bd2c2df6c251c536b7922fbbaa482809db49bd477f6e1
jungle	j51	Green Materia	f757cfc7c11b1e6f1028b80462d1e4302dca5ab8592225ea8c8b7639c70e61f9
jungle	j52	Deku	c7fd9b226a0671b4736366fbaf875e4740a9c049b27237ae2c998e1e9a20b4bf
jungle	j53	Green Lamp Shade	c53629caabafe768557e2e2ead71aec33fffb7b6708862eae0fcb9bb150422ac
jungle	j54	Vine Skeleton	f2633e1143392f2b8a4ec28f4ecd41ce01e552c35690ae32468c1d82312e6941
jungle	j55	Zombie Alex	1467a6e5d57814e7bb6876d00b2c10e5bd2461eed4a6a7e837c2965a6a41ce33
jungle	j56	Green Lamp Shade	32546065035f005cb937f9ac26cc85011dbc10a19c73cc59a621647e04415147
jungle	j57	Acacia Leaves Shulker	e05cc7b1a445e71af61928729e0c0f8d354cbdbc4888fbe79be6559abdd5f32
jungle	j58	Watermelon	efe4ef83baf105e8dee6cf03dfe7407f1911b3b9952c891ae34139560f2931d6
jungle	j59	Mailbox (green)	95fbbc625fa4eb6496be8dbbf0aa2b28f10297cffbcf5e0aaf6cb11e8f2616ed
obsidian	o0	Black Traffic Light - Back Arrow (off)	4834f6943128d9da56ecdc386caf9ce3f3aa5c010d032a4283e7c2eb00411ed3
obsidian	o1	Black Traffic Light - Left Arrow (off)	52c1a3f03c4cad00f0007b1284965de9e7d7142e141dcb34ce7f22bb5ebf39eb
obsidian	o2	Pipe	ffefbb8fc01fc3fc2d6f2024ed08deffe0a3d88532b79d100a337ea01341a98
obsidian	o3	Black King	5321c0703786eefa31809a756f96f56a12d79a5dc002ee4b5e3d04c9ad6d3baa
obsidian	o4	Cannonball	17d81286281b1c7b13420f70b0f43867aa38eee109b64c3a37b699ea05e8ec05
obsidian	o5	Compressed Cobblestone	b5a86541ed9cd29fcac0a801cece9c27a00549ecf41c46ded300bb012da59390
obsidian	o6	Funky Portal (black)	5b3a94dffa590990db003fe268442f792bec614ece5fb18d9906e76e54187fb1
obsidian	o7	Black Handbag	1d897952bcc4c8580d0d1fb0ba0f497f4cd1615c882349aa6521ffbe77683460
obsidian	o8	Black Traffic Light - Stop (off)	e34636adeb29b40e0114941c34d6a449042243a71f6be1b64f2b2e188c131a01
obsidian	o9	Gray Ring	a682783493346a5fa09ebf7b9ab8e83025d4bbc8acc9e95bd6597fa9d936d04
obsidian	o10	Traffic Light (off)	4be196c88ef166d93b72693723c47be9b164dc320b3afc687fb7b5de3dffa304
obsidian	o11	Orb (black)	3e1e5c81fb9d64b74996fd171489deadbb8cb772d52cf8b566e3bc102301044
obsidian	o12	Monitor (black)	36a407070ea8bf2d7842bde6b6df5005e98df315ea66dffd171b0c75bc58630
obsidian	o13	Wheel	9ee9db5b7a107c09cac43bb63dff75b854ad2a9d2c603f345596b28dd779bd80
obsidian	o14	Dark Slime	b6846a6485e90625f0984a1d5ec407562dc871762b8f373efacf13e08dce601b
obsidian	o15	Dark Mask	3e49ee8f2fb430e18e6b10904e545aa1e4cb8e234d3c8d636e4a93094da82f7d
obsidian	o16	Black Traffic Light - Right Arrow (off)	b884f5853539a1ff8ae8c74572d992c320118e4b1fed10e41409c7f5d92c937b
obsidian	o17	Black Traffic Light - Straight Arrow (off)	b49d9c4045c6d2d8275ad2a3eb1a3f419dd7fba199b78e6d3b00f3d716ab3250
obsidian	o18	Pedestrian Traffic Light (red)	462c3d0c759212cb30d40d50f47535d624f68f0733bbcebf7aeaff42fb73344c
obsidian	o19	Traffic Light (green)	b763ce4a8aef1af90b27c1b11abaf8dd0e42bda402eeee346a537a43ae0accab
obsidian	o20	Traffic Light (red)	50b818c9578aa2f8b19b371de90cfcc1e0881bdc4df7c1095ba4bce0e940fc38
obsidian	o21	Traffic Light (yellow)	12197f70c1c98ee758865c3b7d52306814593d28bcec3488dc76fff4946efec9
obsidian	o22	Elder Helmet	7f86e1f437385e9d402a294c9a916ede8ba2d31a65b8bc8dce26538928aee86d
obsidian	o23	Black Lion	82b4d77021fb24cdc31a41d5ae6ff28cd5f9c7275cf09061285fce69b1f252f
obsidian	o24	Horse (grayed)	bb6f54f27962401bfdc2e2bf529b2885a5b326d605e394c6233573f129739796
obsidian	o25	Asphalt	79d321d1eb7ea97cda8cfa1e4d75df96fb6269b3ba87cc69a88bb8c49fed5444
obsidian	o26	Cable Coil	6cdb49f915db7a1a96302c3b158a881bf57fb8e172dc3d4078a1a8d3c2a4d3b6
obsidian	o27	Cannon	c825f6c2663b9ac45e66aa83150d324558f4533e313ce8eff983e488a83e5ebb
obsidian	o28	Hardcore Heart (black)	432861b6687a1b028be45d414fa96cd6222620d0fb63b7cde6e074d32cdb8f1
obsidian	o29	Heart (black)	2c50e3e6150d07cca09ed707b244043c9437dbd1be98ee08ae0340ccb6d58c89
obsidian	o30	Urn	3b6d5faeefd1b2992c6ef4d58dda4be9237611bf9831c4e4987feebd8687ebd5
obsidian	o31	Urn	9b9c6e808b32e8e764354e98fd55844b1a2338c8602a5a52a8a9fa567a077a7
obsidian	o32	Knight	eeaa288c7c0e27e83cb84f0cee2643a490fd66a64c3d83db7b715159704ab8d0
obsidian	o33	Gray Clamp	e65cd0c83846547a8691349426e767b5ca77bd5c93f67280caf3de97983d7760
obsidian	o34	Playstation	23ccdc6e6845b168a93e5ab00c2b4d970267aeda453c25da646c186491d291bd
obsidian	o35	Compressed Cobblestone	37fba6ba0e17007ae17cb1b48f49c26a0256a7d2e8884c3cf07aaede025ebb72
obsidian	o36	Cable Coil	190ecb9c294242fa06b7127b09d3eb87dd58ddf55da78256a66cde22220c8102
obsidian	o37	Gray Fan	1186372fec46c05979d5a19a30b80ed568c854dab0d0bfbed3aa245e113c4417
obsidian	o38	Dark Knight	857031a35c30e24f7c5071722b7f3e67f47c097d5805686bcf0e5b2902bcbdf
obsidian	o39	Dark Lord	fb02319a6f2b5dc3d6a42097d8e2225f41984a6878d454e0cf214cf0748d121c
obsidian	o40	Plague Doctor	6d21b8cc4f22305e9d8f5d0fe011fe5d5e3c985de5e3dff11de63fa06a9dff14
obsidian	o41	Tiefling	1335c62a9e4675d9030cd43b128d5cceb7ce2e5cf5e12ecf26153cb329b2c979
obsidian	o42	Fancy Cube (black)	b7d8d0add16a9a961321fedbf39c1ade986dd34536601828f44a74a0c37b1
obsidian	o43	Burnt Monitor (gray)	5a13f8fd9015ec8470b05d6064f4a8aef4d8fff73a264bf6af9438b003d217a3
obsidian	o44	Gray Lock	4a3246f2f8bf61c39426e39a9c6a237c747fc021a472465cab1f73fd3ce7b478
obsidian	o45	Death Override	8f03fea13278c3da65c57835e2839da7a6ac8a5c984bbc9a4584e5a920b29613
obsidian	o46	Rabbit (black)	72c58116a147d1a9a26269224a8be184fe8e5f3f3df9b61751369ad87382ec9
obsidian	o47	Security Camera	a3c69f79eff8542db03067f96459d1cda348ac516030d42c0542b129dd68c304
obsidian	o48	Black Traffic Light - Back Arrow (on)	e7742034f59db890c8004156b727c77ca695c4399d8e0da5ce9227cf836bb8e2
obsidian	o49	Black Traffic Light - Back Arrow (on)	7189c997db7cbfd632c2298f6db0c0a3dd4fc4cbbb278be75484fc82c6b806d4
obsidian	o50	Black Traffic Light - Left Arrow (on)	98b5e9d5afac183f1f570c1b6ef5156c121c1efbd85527d8d79d0adeeb672485
obsidian	o51	Black Traffic Light - Left Arrow (on)	7a2c12cb22918384e0a81c82a1ed99aebdce94b2ec2754800972319b57900afb
obsidian	o52	Black Traffic Light - Left Arrow (on)	bb188c12557227d4eb547f2bbf4d5df3c36cb46d4356138dd63e7c1138f69a4c
obsidian	o53	Black Traffic Light - Right Arrow (on)	291ac432aa40d7e7a687aa85041de636712d4f022632dd5356c880521af2723a
obsidian	o54	Black Traffic Light - Right Arrow (on)	f716ca39511a96720c3379e771963befe224b60ecced9e693495975eda81de72
obsidian	o55	Black Traffic Light - Stop (on)	bb72ad8369eb6cd8990cec1f54d1778442a108b0186622c5918eb85159e2fb9e
obsidian	o56	Black Traffic Light - Straight Arrow (on)	77334cddfab45d75ad28e1a47bf8cf5017d2f0982f6737da22d4972952510661
obsidian	o57	Black Traffic Light - Straight Arrow (on)	f3514f23d6b09e1840cdec7c0d6912dcd30f82110858c133a7f7778c728566dd
obsidian	o58	Pedestrian Traffic Light (red and green)	30aedc156c7a1e99e3618d7b5bf74055066148c93fafa0065f6ae7b0bc074aee
obsidian	o59	Traffic Light (red and yellow)	97a0ba456c2d62bb9d28978247c23dd947b8024536685c65358f0aec2e0d52fe